Team,G,PA,HR,R,RBI,SB,BB%,K%,ISO,BABIP,AVG,OBP,SLG,wOBA,xwOBA,wRC+,BsR,Off,Def,WAR,Age,G,AB,PA,H,1B,2B,3B,HR,R,RBI,BB,IBB,SO,HBP,SF,SH,GDP,SB,CS,AVG,GB,FB,LD,IFFB,Pitches,Balls,Strikes,IFH,BU,BUH,BB%,K%,BB/K,OBP,SLG,OPS,ISO,BABIP,GB/FB,LD%,GB%,FB%,IFFB%,HR/FB,IFH%,BUH%,wOBA,wRAA,wRC,Bat,Fld,Rep,Pos,RAR,WAR,Dol,Spd,wRC+,WPA,#NAME?,#NAME?,RE24,REW,pLI,phLI,PH,WPA/LI,Clutch,FB%,FBv,SL%,SLv,CT%,CTv,CB%,CBv,CH%,CHv,SF%,SFv,KN%,KNv,XX%,PO%,wFB,wSL,wCT,wCB,wCH,wSF,wKN,wFB/C,wSL/C,wCT/C,wCB/C,wCH/C,wSF/C,wKN/C,O-Swing%,Z-Swing%,Swing%,O-Contact%,Z-Contact%,Contact%,Zone%,F-Strike%,SwStr%,BsR,FA% (sc),FT% (sc),FC% (sc),FS% (sc),FO% (sc),SI% (sc),SL% (sc),CU% (sc),KC% (sc),EP% (sc),CH% (sc),SC% (sc),KN% (sc),UN% (sc),vFA (sc),vFT (sc),vFC (sc),vFS (sc),vFO (sc),vSI (sc),vSL (sc),vCU (sc),vKC (sc),vEP (sc),vCH (sc),vSC (sc),vKN (sc),FA-X (sc),FT-X (sc),FC-X (sc),FS-X (sc),FO-X (sc),SI-X (sc),SL-X (sc),CU-X (sc),KC-X (sc),EP-X (sc),CH-X (sc),SC-X (sc),KN-X (sc),FA-Z (sc),FT-Z (sc),FC-Z (sc),FS-Z (sc),FO-Z (sc),SI-Z (sc),SL-Z (sc),CU-Z (sc),KC-Z (sc),EP-Z (sc),CH-Z (sc),SC-Z (sc),KN-Z (sc),wFA (sc),wFT (sc),wFC (sc),wFS (sc),wFO (sc),wSI (sc),wSL (sc),wCU (sc),wKC (sc),wEP (sc),wCH (sc),wSC (sc),wKN (sc),wFA/C (sc),wFT/C (sc),wFC/C (sc),wFS/C (sc),wFO/C (sc),wSI/C (sc),wSL/C (sc),wCU/C (sc),wKC/C (sc),wEP/C (sc),wCH/C (sc),wSC/C (sc),wKN/C (sc),O-Swing% (sc),Z-Swing% (sc),Swing% (sc),O-Contact% (sc),Z-Contact% (sc),Contact% (sc),Zone% (sc),Pace,Def,wSB,UBR,Age Rng,Off,Lg,wGDP,Pull%,Cent%,Oppo%,Soft%,Med%,Hard%,TTO%,CH% (pi),CS% (pi),CU% (pi),FA% (pi),FC% (pi),FS% (pi),KN% (pi),SB% (pi),SI% (pi),SL% (pi),XX% (pi),vCH (pi),vCS (pi),vCU (pi),vFA (pi),vFC (pi),vFS (pi),vKN (pi),vSB (pi),vSI (pi),vSL (pi),vXX (pi),CH-X (pi),CS-X (pi),CU-X (pi),FA-X (pi),FC-X (pi),FS-X (pi),KN-X (pi),SB-X (pi),SI-X (pi),SL-X (pi),XX-X (pi),CH-Z (pi),CS-Z (pi),CU-Z (pi),FA-Z (pi),FC-Z (pi),FS-Z (pi),KN-Z (pi),SB-Z (pi),SI-Z (pi),SL-Z (pi),XX-Z (pi),wCH (pi),wCS (pi),wCU (pi),wFA (pi),wFC (pi),wFS (pi),wKN (pi),wSB (pi),wSI (pi),wSL (pi),wXX (pi),wCH/C (pi),wCS/C (pi),wCU/C (pi),wFA/C (pi),wFC/C (pi),wFS/C (pi),wKN/C (pi),wSB/C (pi),wSI/C (pi),wSL/C (pi),wXX/C (pi),O-Swing% (pi),Z-Swing% (pi),Swing% (pi),O-Contact% (pi),Z-Contact% (pi),Contact% (pi),Zone% (pi),Pace (pi),FRM,AVG+,BB%+,K%+,OBP+,SLG+,ISO+,BABIP+,LD+%,GB%+,FB%+,HR/FB%+,Pull%+,Cent%+,Oppo%+,Soft%+,Med%+,Hard%+,EV,LA,Barrels,Barrel%,maxEV,HardHit,HardHit%,Events,CStr%,CSW%,xBA,xSLG,xwOBA,H,1B,2B,3B
HOU,2309,6394,288,920,891,67,10.10%,18.20%,0.221,0.296,0.274,0.352,0.495,0.355,,124,-9.5,187.8,-2.5,39.9,28,2309,5613,6394,1538,899,323,28,288,920,891,645,17,1166,66,57,10,146,67,27,0.274,1842,1666,963,159,24710,9349,15361,120,41,13,10.10%,18.20%,0.55,0.352,0.495,0.848,0.221,0.296,1.11,21.50%,41.20%,37.30%,9.50%,17.30%,6.50%,31.70%,0.355,191.8,996,197.3,12.7,201.1,-15.1,410.8,39.9,$319.20,4.3,124,9.49,-104.18,113.67,150.88,15.12,0.93,1.58,81,14.74,-4.5,53.00%,93,17.80%,84.7,6.10%,88.2,10.00%,78.9,11.40%,83.9,1.60%,85.7,,,0.30%,,99.2,39.1,2.1,24.5,6,0.7,,0.76,0.89,0.14,0.99,0.21,0.17,,29.30%,66.30%,44.80%,68.20%,88.40%,80.70%,41.90%,60.40%,8.60%,-9.5,35.10%,8.40%,6.80%,1.20%,0.00%,9.60%,17.20%,8.70%,1.60%,,11.40%,,,,93.3,92.8,88.2,85.3,82.5,92.4,84.6,78.1,81.2,,84,,,-2,-5,0.2,-5.8,-6.5,-4.1,1.1,1.8,1.5,,-1.4,,,9.4,6.1,4.7,2.7,0.7,5.4,1.3,-4.7,-5.6,,4.5,,,64,1.8,-1.1,0.2,0.3,10,37.1,24,-1.7,,3.8,,,0.75,0.09,-0.07,0.08,6.54,0.43,0.89,1.13,-0.46,,0.14,,,26.10%,63.60%,44.80%,63.20%,88.00%,80.70%,49.70%,,-2.5,-1.8,-3.7,22 - 36,187.8,24.3,-4,42.60%,34.20%,23.20%,16.40%,43.70%,39.90%,32.80%,10.90%,,9.20%,35.70%,6.30%,1.90%,0.00%,,16.20%,17.50%,0.00%,84,,78.7,93.3,88.4,84.9,90.7,,92.6,84.5,0,-1.1,,1.8,-1.9,0.5,-4.1,2.1,,-4.4,1.6,0,3,,-7,8.2,3.6,1,0.8,,4.2,-0.2,0,6.5,,24.9,57.7,-3.9,0.9,-0.1,,13.6,36.7,0.5,0.24,,1.09,0.65,-0.25,0.2,-6.53,,0.34,0.85,8.32,26.10%,63.50%,44.80%,63.10%,88.00%,80.70%,49.90%,,-0.2,108,119,80,109,113,119,99,101,98,102,113,103,101,94,98,96,105,88.3,13.4,287,6.40%,117.9,1604,35.50%,4517,17.20%,25.80%,,,,1538,899,323,28
MIN,2320,6392,307,939,906,28,8.20%,20.90%,0.224,0.3,0.27,0.338,0.494,0.347,,116,-8.4,125.4,-26.7,31.5,27,2320,5732,6392,1547,899,318,23,307,939,906,525,21,1334,81,41,10,101,28,21,0.27,1707,1738,978,184,24562,9035,15527,102,26,9,8.20%,20.90%,0.39,0.338,0.494,0.832,0.224,0.3,0.98,22.10%,38.60%,39.30%,10.60%,17.70%,6.00%,34.60%,0.347,148.8,953,133.7,-11.5,201,-15.2,324,31.5,$251.80,3.5,116,8.64,-106.54,115.18,134.1,12.99,0.94,1.5,83,11.94,-2.77,50.50%,93.3,18.40%,84.2,6.10%,88.3,10.70%,79.4,12.70%,84.7,1.50%,85.4,,,0.30%,,115.2,4.2,13,20.2,2.5,-0.5,,0.93,0.09,0.88,0.77,0.08,-0.14,,32.60%,70.80%,48.20%,63.30%,85.80%,76.80%,40.90%,59.30%,11.20%,-8.4,34.00%,7.90%,6.60%,1.40%,,8.20%,18.80%,7.90%,2.40%,,12.80%,,,,93.5,92.4,88.5,85.3,,92.8,84.2,78.7,80.4,,84.7,,,-2.2,-4.8,0.7,-5.4,,-3.3,1.5,2.1,2.8,,-3.3,,,9,5.8,4.3,2.2,,4.7,0.8,-5.5,-6.6,,4.4,,,60.8,15.4,7.1,-0.3,,19.3,6.1,12.7,9.2,,1.5,,,0.73,0.8,0.44,-0.09,,0.96,0.13,0.66,1.58,,0.05,,,29.40%,68.40%,48.20%,58.00%,85.60%,76.90%,48.30%,,-26.7,-6.8,-6.5,20 - 38,125.4,24.3,4.9,43.60%,32.80%,23.70%,15.70%,43.00%,41.40%,33.90%,12.20%,,9.90%,34.60%,5.50%,1.70%,,,15.30%,19.60%,0.00%,84.7,,79,93.6,88.3,85.1,,,92.6,84.3,0,-3.3,,2.5,-2.1,1,-4.5,,,-3.7,1.8,0,3,,-7.5,7.9,3.3,0.8,,,4,-0.4,0,-4.9,,19.8,74.3,6.2,2.4,,,24.8,8.1,0,-0.16,,0.81,0.87,0.45,0.56,,,0.66,0.17,2.98,29.40%,68.30%,48.20%,58.00%,85.60%,76.90%,48.30%,,3.4,106,97,91,104,112,120,101,104,91,108,115,105,97,96,94,95,109,89.7,14.9,416,9.30%,117,1762,39.60%,4452,14.80%,26.00%,,,,1547,899,318,23
NYY,2312,6245,306,943,904,55,9.10%,23.00%,0.222,0.306,0.267,0.339,0.49,0.346,,117,-0.8,132.5,-14.5,32.8,28,2312,5583,6245,1493,880,290,17,306,943,904,569,18,1437,49,33,10,113,55,22,0.267,1736,1548,876,160,25306,9396,15910,109,27,7,9.10%,23.00%,0.4,0.339,0.49,0.829,0.222,0.306,1.12,21.10%,41.70%,37.20%,10.30%,19.80%,6.30%,25.90%,0.346,141.7,928,133.3,-0.5,196.4,-14,338.2,32.8,$262.80,4.1,117,12.96,-97.34,110.3,163.93,15.49,0.88,1.66,57,13.58,1.14,50.90%,93.3,20.20%,84.6,5.60%,88.8,10.60%,79.3,10.20%,84.6,2.30%,85.4,0.20%,74,0.30%,,84.7,1.4,7.9,8.3,19.8,4.4,0.9,0.66,0.03,0.56,0.31,0.77,0.77,1.61,30.70%,68.70%,46.30%,61.40%,85.00%,75.80%,41.10%,60.20%,11.20%,-0.8,35.90%,7.00%,6.40%,2.20%,,7.90%,19.60%,9.10%,1.60%,0.00%,10.30%,,,,93.5,92.8,88.8,85.4,,92.9,84.6,78.6,80.7,65.1,84.5,,,-1.9,-4.2,0.9,-4.8,,-4.2,1.3,2.3,3,5.8,-1.1,,,9.3,5.8,4.4,3.1,,5,1,-5.2,-5.3,-8,4.7,,,62.3,-0.5,-1.5,5.7,,11.1,-6.4,20,-2.8,0,16.2,,,0.7,-0.03,-0.09,1.03,,0.57,-0.13,0.88,-0.71,2.1,0.64,,,27.60%,66.00%,46.30%,55.50%,84.80%,75.90%,48.70%,,-14.5,-1.8,0.2,22 - 38,132.5,23.8,0.8,40.70%,34.40%,24.90%,16.80%,44.30%,38.90%,37.00%,10.00%,0.00%,10.00%,36.00%,6.00%,2.40%,,,13.50%,20.00%,0.00%,84.6,67.1,79,93.5,88.7,85.2,,,92.9,84.5,0,-1,7.5,2.7,-1.6,1.1,-4.2,,,-4.5,1.6,0,3.2,-9.2,-7.1,8.1,3.3,1.5,,,4.1,-0.3,0,16.9,-0.6,17.7,55.2,2.9,2.8,,,15.9,-7.4,0,0.67,-5.34,0.7,0.6,0.19,0.46,,,0.46,-0.15,1.95,27.60%,66.00%,46.30%,55.60%,84.80%,75.90%,48.70%,,-5.3,105,107,101,105,111,119,103,99,99,102,129,99,101,101,100,98,103,90,13.4,373,8.90%,120.6,1678,40.00%,4190,16.50%,27.70%,,,,1493,880,290,17
LAD,2413,6281,279,886,861,57,9.70%,21.60%,0.215,0.291,0.257,0.338,0.472,0.338,,110,11.9,92.5,51.7,34,28,2413,5493,6281,1414,813,302,20,279,886,861,607,47,1356,81,45,55,100,57,10,0.257,1679,1565,915,136,24980,9389,15591,115,78,7,9.70%,21.60%,0.45,0.338,0.472,0.81,0.215,0.291,1.07,22.00%,40.40%,37.60%,8.70%,17.80%,6.80%,9.00%,0.338,94,885,80.7,8.3,197.5,43.4,350.1,34,$272.00,4.2,110,14.16,-102.64,116.79,160.76,16.53,0.96,1.14,307,13.55,1.22,52.80%,93,18.20%,84.9,5.70%,89,10.40%,79.5,11.10%,84.9,1.70%,86.1,0.10%,75.4,0.60%,,90.5,-3.7,-2.1,2.7,5.1,6.2,3,0.69,-0.08,-0.15,0.1,0.18,1.46,18.88,28.30%,67.50%,45.00%,62.20%,85.20%,76.90%,42.80%,59.30%,10.40%,11.9,37.70%,7.20%,6.70%,1.60%,,7.80%,17.00%,8.30%,3.00%,0.00%,10.50%,,0.10%,,93.3,92.8,88.6,85.7,,91.9,84.8,78.9,80.9,62.2,85.2,,75.3,-1.9,-4.4,0.7,-6.8,,-0.1,1,1.3,1.6,6.8,-2.9,,-0.7,8.9,6.4,4.5,2.5,,5,1.4,-4,-5.4,-6.1,4.2,,1.7,52.8,7.3,-7.6,3.2,,9.7,2.7,-11.6,-2.9,0.2,13.9,,3,0.56,0.41,-0.46,0.8,,0.5,0.06,-0.56,-0.39,5.46,0.53,,18.88,25.00%,64.50%,45.00%,55.30%,84.90%,76.80%,50.60%,,51.7,3.9,2.8,21 - 39,92.5,8.3,5.2,41.30%,34.20%,24.50%,15.80%,41.90%,42.30%,35.70%,11.00%,0.00%,10.20%,38.80%,5.50%,1.60%,0.10%,,13.50%,18.10%,0.00%,85.1,67.5,79.5,93.3,88.9,85.4,75.3,,92.4,85,0,-2.8,7.9,1.8,-1.5,0.3,-5.9,-0.4,,-2.8,1.3,0,2.6,-6.2,-6.4,7.8,3.6,0.9,0.6,,4.2,0.2,0,3.9,0,-3.8,68,-9.8,3,3,,5.6,0.2,-0.1,0.14,-1.08,-0.15,0.7,-0.72,0.77,18.88,,0.16,0,-1.8,25.10%,64.50%,45.00%,55.60%,84.80%,76.70%,50.60%,,11.3,100,109,99,102,106,115,97,101,94,106,115,102,99,98,94,95,109,89.3,14.5,319,7.50%,114.3,1610,38.00%,4237,17.10%,27.50%,,,,1414,813,302,20
BOS,2455,6475,245,901,857,68,9.10%,21.30%,0.197,0.313,0.269,0.34,0.466,0.338,,106,-7,41.7,10.9,27.3,29,2455,5770,6475,1554,937,345,27,245,901,857,590,36,1382,49,44,20,127,68,30,0.269,1889,1606,923,136,25427,9214,16213,132,33,5,9.10%,21.30%,0.43,0.34,0.466,0.806,0.197,0.313,1.18,20.90%,42.80%,36.40%,8.50%,15.30%,7.00%,15.20%,0.338,100.1,915,48.7,25.9,203.6,-15,280.9,27.3,$218.20,4.3,106,-0.21,-118.33,118.12,61.34,5.5,1,1.72,123,3.35,-3.56,52.90%,93.2,18.30%,84.3,6.70%,88,9.70%,79.9,10.90%,84.3,1.50%,85.4,0.10%,74.6,0.50%,,60.7,25.6,7,8,7.2,-3.3,1.2,0.45,0.55,0.41,0.33,0.26,-0.87,4.41,32.10%,69.60%,47.80%,64.90%,84.70%,76.90%,41.80%,60.10%,11.00%,-7,36.70%,7.70%,7.50%,1.40%,,7.70%,17.80%,8.20%,2.00%,,11.00%,,0.10%,,93.5,92.6,88.2,85,,92.2,84.5,78.9,80.7,,84.2,,74.9,-2.1,-3.8,0.7,-5,,-1,1,1.7,2.6,,-2.6,,-0.5,9.2,5.9,4.4,2.1,,5,1.1,-4.2,-5,,4.6,,2.7,23.6,13.4,-0.6,-6.7,,0,7.7,30.5,-1.8,,6.8,,1.2,0.26,0.71,-0.03,-1.99,,0,0.18,1.52,-0.38,,0.25,,4.49,29.50%,66.60%,47.80%,60.30%,84.40%,76.90%,49.30%,,10.9,-2.8,-4.5,22 - 36,41.7,24.6,0.3,40.00%,34.20%,25.80%,15.30%,47.80%,36.90%,34.20%,10.50%,,9.30%,37.70%,6.70%,1.60%,0.10%,,14.00%,18.00%,0.00%,84.3,,79.6,93.4,88.2,84.9,74.9,,92.6,84.4,0,-2.3,,2.5,-1.8,0.6,-4.7,-1.6,,-2.7,1.2,0,3.3,,-6.6,8,3.3,0.7,1,,4,-0.3,0,5.2,,12.6,39.5,1,-7,1.2,,3.5,19,-0.2,0.19,,0.53,0.41,0.06,-1.67,4.49,,0.1,0.41,-10.21,29.50%,66.50%,47.80%,60.40%,84.40%,76.90%,49.50%,,14.1,106,107,93,105,106,105,105,98,101,100,100,97,101,104,92,105,97,89.9,12.9,320,7.20%,115,1774,39.80%,4454,15.80%,26.80%,,,,1554,937,345,27
WSN,2327,6267,231,873,824,116,9.30%,20.90%,0.19,0.306,0.265,0.342,0.454,0.336,,104,3.7,34.7,35.8,26.8,29,2327,5512,6267,1460,904,298,27,231,873,824,584,33,1308,81,42,48,117,116,29,0.265,1737,1562,881,164,24645,9097,15548,115,114,30,9.30%,20.90%,0.45,0.342,0.454,0.796,0.19,0.306,1.11,21.10%,41.60%,37.40%,10.50%,14.80%,6.60%,26.30%,0.336,80.3,869,31,-6,197.1,41.8,275.9,26.8,$214.40,5.1,104,8.96,-104.28,113.25,114.35,11.27,0.95,1.12,252,7.98,1.42,53.30%,93.3,19.80%,84.9,5.30%,88.5,10.30%,79,9.60%,84.9,1.60%,86.1,,,0.50%,,78.4,-21.5,4.8,3.2,12.1,-1.2,,0.6,-0.44,0.36,0.12,0.51,-0.3,,29.40%,67.30%,45.30%,64.60%,87.50%,78.90%,42.00%,61.00%,9.50%,3.7,35.70%,9.50%,5.40%,1.20%,,8.00%,19.40%,8.50%,2.70%,0.00%,9.70%,,,,93.6,92.6,88.3,86.2,,92.6,85.1,78.6,80.7,70.3,85.1,,,-2.6,-4.3,0.5,-6.4,,-4.5,1.4,2,3.7,-10.7,-2.8,,,9,5.8,4.5,2.4,,4.6,1.6,-4.7,-6.1,-7.9,4.2,,,6.3,31.9,7.6,-4.2,,24.4,-28.1,-2.3,3.2,-0.1,11.2,,,0.07,1.39,0.57,-1.41,,1.26,-0.6,-0.11,0.49,-5.93,0.48,,,26.70%,64.20%,45.30%,60.30%,86.70%,78.90%,49.70%,,35.8,7.2,-1.2,20 - 42,34.7,8.3,-2.3,41.80%,32.90%,25.30%,18.40%,45.50%,36.10%,33.90%,9.60%,0.00%,10.20%,35.80%,4.90%,1.40%,,,17.30%,20.30%,,84.9,69.2,78.9,93.7,88.3,86,,,92.7,85.1,,-2.5,7.3,2.8,-2.2,0.5,-5.9,,,-4.3,1.9,,2.7,-8.2,-7,7.9,3.4,1,,,4,0.1,,12.3,-0.2,5.1,17.8,0.3,-2.1,,,50.1,-28.4,,0.51,-3.08,0.2,0.2,0.02,-0.61,,,1.17,-0.57,,26.60%,64.10%,45.30%,60.30%,86.80%,79.00%,49.90%,,-5.9,103,105,95,103,102,101,102,97,97,105,96,103,95,101,109,103,93,88.6,14.1,292,6.80%,113.5,1571,36.60%,4294,17.20%,26.80%,,,,1460,904,298,27
ATL,2411,6302,249,855,824,89,9.80%,23.30%,0.195,0.305,0.258,0.336,0.452,0.332,,101,11,18.3,46.2,26.3,28,2411,5560,6302,1432,877,277,29,249,855,824,619,39,1467,60,35,25,104,89,28,0.258,1672,1473,969,131,24951,9233,15718,122,39,4,9.80%,23.30%,0.42,0.336,0.452,0.789,0.195,0.305,1.14,23.60%,40.60%,35.80%,8.90%,16.90%,7.30%,10.30%,0.332,62.3,855,7.3,5.7,198.2,40.5,271,26.3,$210.60,4.6,101,9.28,-102.18,111.46,100.92,9.78,0.94,1.07,262,7.99,1.92,53.10%,93.6,17.90%,85.2,6.10%,89.1,9.70%,79.6,12.10%,84.9,1.10%,86,,,0.60%,,72.5,-18.9,-6.9,16.4,-0.8,0.9,,0.55,-0.42,-0.46,0.68,-0.03,0.33,,31.30%,71.20%,47.80%,64.20%,82.40%,75.40%,41.40%,60.00%,11.80%,11,35.40%,9.60%,6.30%,1.70%,,8.10%,17.30%,7.60%,2.70%,,11.20%,,,,93.8,93.3,88.9,85.2,,92.8,85.3,79.3,80.4,,85,,,-2.7,-4.4,0.8,-5.4,,-3.8,1.6,2.7,4.6,,-3.4,,,8.7,6,4.5,3.1,,4.6,1.6,-4.1,-6.2,,3.8,,,34.9,7.2,-7.9,-1.5,,24,-31.1,17.5,2.3,,1.4,,,0.4,0.3,-0.51,-0.36,,1.19,-0.73,0.92,0.34,,0.05,,,28.20%,68.20%,47.90%,59.90%,82.10%,75.40%,49.10%,,46.2,2.3,2.6,21 - 36,18.3,8.3,6.1,41.70%,32.50%,25.80%,16.10%,42.60%,41.30%,37.10%,11.70%,0.00%,9.20%,35.30%,6.00%,1.30%,,,17.20%,18.40%,0.00%,85.1,77.3,79.4,93.9,89.2,84.5,,,93,85.1,0,-3.4,8.3,3.8,-2.4,0.8,-4.6,,,-4,1.9,0,2.5,-8.7,-6.5,7.8,3.8,0.9,,,4.1,0.1,0,-5.6,0,18,16.1,-4.8,1.4,,,47.9,-28.4,0.1,-0.19,-4.56,0.78,0.18,-0.32,0.4,,,1.11,-0.61,3.49,28.30%,68.20%,47.90%,59.90%,82.00%,75.40%,49.10%,,17,100,111,106,102,102,104,102,109,95,101,109,103,94,103,95,96,106,89.2,13.2,339,8.20%,115.9,1594,38.40%,4156,14.80%,26.60%,,,,1432,877,277,29
CHC,2429,6195,256,814,783,45,9.40%,23.60%,0.2,0.297,0.252,0.331,0.452,0.33,,100,-2.2,0.6,45,24.1,29,2429,5461,6195,1378,826,270,26,256,814,783,581,33,1460,83,39,30,127,45,24,0.252,1833,1364,809,118,24026,8782,15244,112,64,14,9.40%,23.60%,0.4,0.331,0.452,0.783,0.2,0.297,1.34,20.20%,45.80%,34.00%,8.70%,18.80%,6.10%,21.90%,0.33,47.4,827,2.8,3.6,194.8,41.4,248.6,24.1,$193.20,3.9,100,2.77,-104.47,107.24,63.27,6.1,0.94,1.07,242,5.93,-2.97,52.80%,93.4,18.50%,85.4,4.60%,88.8,11.50%,79.1,11.50%,84.4,1.20%,86.3,,,0.50%,,49,-17.5,3.1,2.6,1.3,-4.3,,0.39,-0.39,0.28,0.1,0.05,-1.56,,33.00%,68.40%,47.20%,60.60%,83.40%,73.80%,40.10%,60.00%,12.30%,-2.2,35.40%,10.30%,5.50%,1.20%,,6.70%,17.30%,9.60%,2.60%,0.00%,11.30%,,,,93.8,92.7,88.6,85.8,,92.3,85.5,78.9,80.2,67.1,84.5,,,-2.8,-4.9,0.3,-6.3,,-5,1.6,3.1,2.8,-2.3,-4.2,,,8.8,6,4.8,2.7,,4.5,1.4,-5.4,-5.3,-8.2,4,,,39.3,-18.5,2.3,-5.3,,19.9,-23.4,3.5,-1.9,0,0.9,,,0.47,-0.75,0.18,-1.84,,1.24,-0.57,0.15,-0.32,0.84,0.03,,,30.30%,65.70%,47.20%,54.80%,83.40%,73.80%,47.80%,,45,-4.6,6.4,22 - 38,0.6,8.2,-4,39.50%,34.80%,25.70%,18.10%,46.80%,35.00%,37.10%,11.20%,0.00%,11.10%,35.50%,5.10%,1.30%,,,16.30%,18.00%,,84.5,70.7,79,93.9,88.7,85.2,,,92.4,85.4,,-4,8.2,3.3,-2.5,0.7,-5.1,,,-4.9,2,,2.5,-7.9,-7.3,7.8,3.8,1,,,4.1,0,,0,-0.6,3.1,34.5,8.4,-4,,,1.6,-26,,0,-6.48,0.11,0.4,0.68,-1.31,,,0.04,-0.6,,30.30%,65.60%,47.20%,54.60%,83.50%,73.80%,47.80%,,-8.2,98,106,108,100,102,107,99,93,107,96,121,97,101,103,108,106,90,88.9,10.9,311,7.60%,117.6,1456,35.80%,4071,15.90%,28.30%,,,,1378,826,270,26
COL,2452,6288,224,835,803,71,7.80%,23.90%,0.19,0.321,0.265,0.326,0.456,0.328,,87,1.6,-105,16.8,11.4,28,2452,5660,6288,1502,914,323,41,224,835,803,489,25,1503,43,43,51,111,71,31,0.265,1767,1454,936,131,24193,8629,15564,102,94,14,7.80%,23.90%,0.33,0.326,0.456,0.782,0.19,0.321,1.22,22.50%,42.50%,35.00%,9.00%,15.40%,5.80%,14.90%,0.328,37.7,829,-106.6,-21.3,197.8,38.2,117.9,11.4,$91.60,4.7,87,-5.49,-118.38,112.9,-28.54,-3.42,1.01,1.18,298,-5.08,-0.37,53.90%,93.3,18.10%,84.6,5.60%,89,10.30%,78.9,10.40%,84.8,1.60%,86.1,,,0.40%,,27.4,3.6,18.8,-5.3,4.9,-7.9,,0.21,0.08,1.38,-0.21,0.19,-2.04,,32.90%,70.40%,48.70%,62.80%,84.40%,76.00%,42.10%,61.80%,11.70%,1.6,38.60%,7.50%,7.10%,1.70%,,7.30%,16.60%,8.90%,2.60%,0.00%,9.80%,,,,93.5,92.9,88.9,85.8,,92,84.7,78.4,81.2,63.4,85,,,-1.4,-3.4,0.6,-5.8,,0.4,1,1.4,2.6,6.2,-2.5,,,8.3,5.7,4.4,3.1,,4.8,1.2,-4.3,-5.5,-5.2,3.7,,,31.7,-2.3,16.8,-7.7,,-13.6,-1.4,-11.7,2,-0.4,5.7,,,0.34,-0.13,0.98,-1.9,,-0.77,-0.03,-0.54,0.32,-7.39,0.24,,,29.70%,67.90%,48.70%,56.50%,84.60%,76.00%,49.80%,,16.8,-2.4,4.2,22 - 36,-105,8.3,-0.2,38.10%,35.10%,26.80%,16.80%,46.90%,36.30%,35.20%,9.70%,0.00%,10.20%,40.10%,6.30%,2.20%,,,13.40%,17.60%,,84.8,61.5,78.8,93.6,88.9,85.4,,,92.4,84.7,,-2.3,7.9,1.7,-1.2,0.4,-5.2,,,-1.9,1.4,,2.4,-6.9,-6.5,7.3,3.5,1.6,,,4.1,-0.1,,-3.9,-0.2,-6.2,40.2,21.2,-0.2,,,-18.3,-14,,-0.16,-8.36,-0.25,0.41,1.38,-0.03,,,-0.56,-0.33,,29.70%,67.80%,48.70%,56.50%,84.60%,76.00%,49.80%,,-12.5,103,88,109,99,102,102,107,104,99,99,100,94,102,107,100,106,93,88.5,12.5,254,6.00%,114.1,1507,35.40%,4253,15.30%,27.00%,,,,1502,914,323,41
OAK,2363,6269,257,845,800,49,9.20%,21.30%,0.199,0.282,0.249,0.327,0.448,0.327,,107,-1.7,55.3,18.3,28.6,29,2363,5561,6269,1384,812,292,23,257,845,800,578,17,1338,87,36,7,140,49,21,0.249,1736,1612,902,183,24972,9350,15622,101,16,5,9.20%,21.30%,0.43,0.327,0.448,0.776,0.199,0.282,1.08,21.20%,40.80%,37.90%,11.40%,15.90%,5.80%,31.30%,0.327,40.4,829,57,33,197.2,-14.7,294.6,28.6,$228.90,3.9,107,7.35,-104.59,111.93,75.62,7.26,0.94,1.46,116,6.43,1.42,50.70%,92.9,18.10%,84.5,5.60%,88,11.70%,79.4,12.50%,84.4,1.40%,85.3,,,0.20%,,75.2,-22.3,-2.5,-0.8,-19.7,0.2,,0.59,-0.49,-0.18,-0.03,-0.63,0.07,,28.00%,68.40%,45.20%,62.60%,84.90%,77.00%,42.60%,60.50%,10.40%,-1.7,34.20%,7.90%,6.50%,1.20%,0.00%,8.30%,17.60%,10.00%,1.60%,,12.60%,,,,93.3,92.8,88,84.8,80.8,91.7,84.5,78.7,80.4,,84.4,,,-2.9,-5.9,0.5,-5.8,-5.9,-4.4,1.8,1.9,3.8,,-1.4,,,9.2,6,4.7,2.6,-0.5,5.4,1.2,-5.1,-6.8,,4.3,,,53.5,-2,-5.3,2.5,1.4,14.5,-30.6,2.8,-4.3,,-24.1,,,0.64,-0.1,-0.33,0.85,33.91,0.71,-0.71,0.12,-1.1,,-0.78,,,25.30%,64.50%,45.10%,56.90%,84.50%,76.80%,50.60%,,18.3,-2.5,6.7,21 - 42,55.3,23.9,-5.9,42.50%,33.90%,23.50%,15.80%,43.10%,41.00%,34.70%,12.00%,0.00%,11.00%,36.10%,5.70%,1.70%,,,13.70%,18.00%,0.00%,84.4,62.9,79.2,93.3,88,84.7,,,92.3,84.4,0,-1.2,9.3,2.6,-2.6,0.5,-3.9,,,-5,2.3,0,2.9,-7.9,-7.2,8,3.6,1,,,4.3,0,0,-20,0,-4.3,53,-3.1,3.6,,,7.1,-27.7,0.3,-0.66,3.89,-0.16,0.59,-0.21,0.84,,,0.21,-0.62,4.03,25.30%,64.60%,45.20%,57.10%,84.40%,76.80%,50.60%,,-7.9,98,108,93,101,102,107,94,100,97,104,104,103,100,95,95,95,108,89.3,14.2,328,7.70%,114.4,1626,38.10%,4266,17.30%,27.70%,,,,1384,812,292,23
NYM,2445,6290,242,791,767,56,8.20%,22.00%,0.185,0.299,0.257,0.328,0.442,0.325,,105,-17,24.3,21.3,24.5,29,2445,5624,6290,1445,906,280,17,242,791,767,516,34,1384,95,27,28,129,56,27,0.257,1913,1438,877,118,23833,8460,15373,119,67,9,8.20%,22.00%,0.37,0.328,0.442,0.77,0.185,0.299,1.33,20.70%,45.20%,34.00%,8.20%,16.80%,6.20%,13.40%,0.325,25.8,817,41.3,-19.9,197.8,41.2,251.7,24.5,$195.60,3.8,105,6.04,-110.86,116.9,69.48,7.29,1.01,1.47,267,7.63,-1.66,53.20%,93,18.40%,84.4,6.10%,88.9,10.00%,78.4,10.70%,84.5,1.50%,85.7,,,0.50%,,60.4,-29.3,-7.3,1.4,-3.1,-0.7,,0.48,-0.67,-0.5,0.06,-0.12,-0.21,,33.70%,72.10%,49.70%,63.50%,84.60%,76.20%,41.40%,62.10%,11.80%,-17,36.20%,9.00%,6.40%,1.90%,,7.80%,17.10%,8.70%,2.50%,0.00%,10.50%,,,,93.4,92.5,88.8,85.2,,92.1,84.6,78,80.1,64.6,84.5,,,-2.2,-4.6,0.7,-5.8,,-4.4,1,1.8,3.8,-6.2,-3.6,,,9,6,4.9,2.6,,4.9,1.2,-4.9,-6.7,-7.1,4.1,,,31.1,6.1,-17.7,1.4,,7.3,-25.9,3.6,0.1,0.7,-9.9,,,0.37,0.29,-1.18,0.32,,0.4,-0.64,0.18,0.02,13.1,-0.4,,,30.90%,69.10%,49.70%,58.10%,84.60%,76.20%,49.00%,,21.3,-3.8,-10.7,23 - 38,24.3,8.3,-2.5,39.40%,35.90%,24.80%,16.30%,48.90%,34.90%,34.10%,10.50%,0.00%,10.20%,36.40%,5.90%,1.70%,,,16.00%,18.10%,,84.6,64.9,78.4,93.4,89,85.1,,,92.4,84.7,,-3.5,-9.8,2.6,-1.9,0.8,-5.4,,,-4.5,1.4,,2.8,-9.8,-7.2,7.9,4,0.7,,,4.1,-0.2,,-7.5,0.6,-2.7,30.9,-7.6,0,,,9.1,-28.2,,-0.3,15.4,-0.11,0.35,-0.54,0.01,,,0.24,-0.65,,30.90%,69.10%,49.60%,58.10%,84.50%,76.10%,49.00%,,-5.1,100,93,101,99,99,99,100,96,106,96,109,97,104,99,96,111,90,89.1,11.1,279,6.50%,118.3,1615,37.60%,4295,14.50%,26.30%,,,,1445,906,280,17
MIL,2514,6309,250,769,744,101,10.00%,24.80%,0.192,0.296,0.246,0.329,0.438,0.324,,97,5.9,-20.4,64.6,24.4,28,2514,5542,6309,1366,820,279,17,250,769,744,629,42,1563,72,38,20,120,101,25,0.246,1743,1407,841,132,25312,9400,15912,102,46,10,10.00%,24.80%,0.4,0.329,0.438,0.767,0.192,0.296,1.24,21.10%,43.70%,35.30%,9.40%,17.80%,5.90%,21.70%,0.324,20.3,814,-26.3,29.3,198.4,35.3,251,24.4,$195.00,4.4,97,1.79,-111.7,113.49,1.37,0.38,0.98,1.15,314,1.99,-0.16,55.60%,93.2,17.00%,84.8,5.80%,88.3,10.30%,78.9,10.30%,85,1.00%,85.5,,,0.60%,,39,-21.5,-7.6,-11.5,15.1,0.9,,0.28,-0.5,-0.52,-0.44,0.58,0.34,,30.60%,66.60%,45.40%,60.50%,84.10%,74.80%,41.20%,58.90%,11.50%,5.9,36.40%,8.50%,6.40%,1.10%,0.00%,10.20%,16.00%,9.00%,2.20%,,10.10%,,,,93.4,93.1,88.5,85.2,81.8,91.9,84.9,78.5,80.3,,85.1,,,-2.2,-3.5,0.6,-6.2,-4.9,-2.7,1.2,2.5,3.4,,-2.9,,,8.8,6,4.6,2.9,-1,5.2,1.3,-5.3,-6.2,,4.1,,,16.4,4.1,-16.8,-0.3,0,-2.5,-14.4,-20.6,5.3,,14.9,,,0.19,0.2,-1.07,-0.1,2.1,-0.1,-0.37,-0.94,0.97,,0.6,,,27.90%,63.80%,45.50%,55.10%,83.90%,74.80%,48.80%,,64.6,6.1,0.4,22 - 36,-20.4,8.3,-0.6,38.20%,35.00%,26.80%,17.10%,42.10%,40.80%,38.70%,9.90%,0.00%,10.30%,37.00%,6.10%,1.00%,,,17.10%,16.20%,0.00%,85,68.6,78.9,93.5,88.5,84.9,,,92.4,84.8,0,-2.8,9,3,-1.9,0.7,-5.3,,,-2.9,1.6,0,2.6,-8.2,-7.3,7.7,3.5,1,,,4.3,-0.1,0,18.6,0.1,-10.3,20.2,-15.2,-4,,,-0.8,-16.2,0.1,0.74,1.4,-0.39,0.22,-0.99,-1.57,,,-0.02,-0.39,4.64,27.90%,63.80%,45.50%,55.00%,83.90%,74.90%,48.90%,,23.3,96,113,113,99,98,102,99,97,102,99,115,94,102,107,101,95,105,89.7,12.1,306,7.60%,117.9,1555,38.40%,4045,17.10%,28.60%,,,,1366,820,279,17
TBR,2459,6285,217,769,730,94,8.60%,23.80%,0.178,0.306,0.254,0.325,0.431,0.321,,104,8.4,40.6,-13,24.2,27,2459,5628,6285,1427,890,291,29,217,769,730,542,20,1493,73,34,8,114,94,37,0.254,1850,1412,893,134,24922,9114,15808,127,22,6,8.60%,23.80%,0.36,0.325,0.431,0.757,0.178,0.306,1.31,21.50%,44.50%,34.00%,9.50%,15.40%,6.90%,27.30%,0.321,3.9,795,32.2,3,197.7,-16,249.2,24.2,$193.60,4.5,104,-1.26,-112.29,111.03,-9,-0.77,0.99,1.62,130,1.27,-2.55,50.80%,92.8,19.40%,83.9,7.30%,88.3,9.60%,79.3,11.60%,84.4,1.40%,85.3,,,0.30%,,9.9,-17.9,-8.6,8,11.8,-0.3,,0.08,-0.37,-0.48,0.33,0.41,-0.08,,30.30%,69.50%,46.80%,59.70%,84.50%,75.30%,42.30%,62.10%,11.60%,8.4,35.00%,8.20%,7.50%,1.30%,,7.40%,19.00%,8.10%,2.00%,0.00%,11.60%,,,,93.1,92.2,88.5,85.2,,92.2,83.9,78.6,81,63.2,84.4,,,-1.7,-3.3,0.9,-6.7,,-1.6,1,2,2.4,-10.9,-1.7,,,9.6,6.4,4.8,3.6,,5.4,1,-4.9,-6.8,-7.5,4.7,,,17.9,-12.9,-11.6,-0.6,,-2.8,-23.7,8.4,-4.3,0.5,8.8,,,0.2,-0.63,-0.62,-0.2,,-0.15,-0.5,0.42,-0.89,54.91,0.31,,,26.90%,66.70%,46.80%,52.80%,84.30%,75.20%,50.00%,,-13,-0.5,4.3,23 - 39,40.6,23.9,4.6,39.10%,36.30%,24.50%,16.50%,43.70%,39.80%,35.80%,11.20%,0.00%,9.40%,35.90%,7.10%,1.80%,,,14.60%,19.70%,0.00%,84.5,92.9,79.2,93.1,88.6,84.8,,,92.4,83.9,0,-1.5,-1.2,2.3,-1.4,1,-5.4,,,-2.8,1.4,0,3.2,9.1,-7.3,8.3,3.7,2.1,,,4.6,-0.4,0,9.6,0,2.3,19.7,-10.4,-1.5,,,-18.7,-21.7,-0.2,0.34,0,0.1,0.22,-0.59,-0.35,,,-0.51,-0.44,-9.42,26.90%,66.80%,46.80%,53.00%,84.20%,75.20%,50.00%,,5.1,100,101,104,101,98,95,103,101,105,93,100,95,107,99,99,96,105,89.5,11.2,315,7.50%,116.2,1641,39.30%,4177,16.40%,28.00%,,,,1427,890,291,29
ARI,2418,6315,220,813,778,88,8.60%,21.50%,0.182,0.293,0.252,0.323,0.434,0.319,,93,18.3,-42.3,68.5,22.6,28,2418,5633,6315,1419,871,288,40,220,813,778,540,36,1360,70,40,31,120,88,14,0.252,1850,1513,909,156,24414,8680,15734,116,71,13,8.60%,21.50%,0.4,0.323,0.434,0.757,0.182,0.293,1.22,21.30%,43.30%,35.40%,10.30%,14.50%,6.30%,18.30%,0.319,-8.2,787,-60.5,29.1,198.6,39.4,233.2,22.6,$181.20,5.1,93,-1.48,-110.79,109.31,41.72,3.75,0.98,1.24,255,-0.27,-1.24,54.20%,93.3,17.00%,85.1,6.10%,88.9,10.00%,79,11.10%,84.6,1.60%,86,,,0.50%,,-7.1,-1.6,10.9,5.1,-20.1,4.1,,-0.05,-0.04,0.74,0.21,-0.74,1.03,,32.40%,68.30%,47.50%,64.20%,85.40%,77.00%,42.00%,60.70%,10.90%,18.3,38.00%,8.20%,7.10%,1.70%,,7.30%,16.50%,8.40%,2.00%,,10.70%,,,,93.6,93,89,85.2,,92.2,85.1,78.1,81.4,,84.7,,,-2.1,-4.7,0.9,-6.2,,-3.5,1.5,2.1,2.1,,-2.6,,,9,5.8,4.8,3.1,,4.7,1.3,-5.3,-6.4,,4.2,,,-26.8,13.7,0.5,2.8,,-6.8,1.5,7.5,-1.1,,-21.6,,,-0.29,0.68,0.03,0.68,,-0.38,0.04,0.37,-0.22,,-0.83,,,29.80%,65.40%,47.50%,59.80%,84.80%,76.90%,49.70%,,68.5,8.4,11.4,23 - 35,-42.3,8.3,-1.5,41.00%,36.40%,22.60%,16.60%,43.80%,39.60%,33.60%,10.70%,0.00%,9.80%,39.20%,6.80%,2.00%,,,14.20%,16.60%,0.00%,84.8,72.8,78.9,93.7,89.2,85.1,,,92.6,85.1,0,-2.5,7.4,2.3,-1.8,1,-5.6,,,-4.3,2,0,2.8,-5.7,-7.5,7.9,3.6,1.5,,,3.9,0,0,-20.4,-0.6,6.2,-19.8,7.3,1.4,,,0.5,-5.5,0.1,-0.78,-5.26,0.26,-0.21,0.44,0.27,,,0.02,-0.13,5.05,29.60%,65.60%,47.50%,59.70%,84.80%,76.90%,49.80%,,5.1,98,97,99,98,98,97,98,98,101,100,94,101,106,90,99,99,102,88,11.8,272,6.30%,116.3,1495,34.40%,4345,16.60%,27.50%,,,,1419,871,288,40
CLE,2321,6124,223,769,731,103,9.20%,21.80%,0.183,0.289,0.25,0.323,0.432,0.319,,97,4.3,-16.3,31.9,22.5,28,2321,5425,6124,1354,827,286,18,223,769,731,563,30,1332,50,46,40,110,103,35,0.25,1751,1533,812,167,24072,9113,14959,107,83,15,9.20%,21.80%,0.42,0.323,0.432,0.756,0.183,0.289,1.14,19.80%,42.70%,37.40%,10.90%,14.50%,6.10%,18.10%,0.319,-5.3,765,-20.6,46.9,192.6,-15.1,231.5,22.5,$179.90,4.5,97,-3.93,-102.83,98.91,-49.49,-4.81,0.92,1.29,100,-4.38,0.09,51.40%,93.1,18.10%,84.2,5.60%,88.8,10.80%,79.2,12.70%,84.9,1.40%,85.5,,,0.40%,,27.3,-26.4,-7.6,11.2,-6.2,-5.9,,0.22,-0.61,-0.57,0.43,-0.2,-1.71,,29.20%,69.40%,46.00%,62.70%,86.00%,77.40%,41.80%,58.90%,10.40%,4.3,35.90%,8.10%,6.30%,1.50%,,7.40%,16.90%,9.50%,1.70%,,12.70%,,,,93.3,92.7,88.5,85.1,,92.6,84.3,78.6,80.7,,84.9,,,-1.9,-3.7,0.4,-5.7,,-2.1,0.9,2,2.9,,-2.2,,,8.8,5.4,4.3,3.1,,4,0.9,-4.6,-5.8,,4.2,,,-5.4,-4.4,-5.4,-6,,27.1,-23.6,13.1,-1.7,,-14.2,,,-0.06,-0.23,-0.36,-1.7,,1.52,-0.58,0.58,-0.42,,-0.47,,,25.60%,66.40%,46.00%,55.60%,86.00%,77.50%,49.90%,,31.9,2.3,2.8,22 - 37,-16.3,23.3,-0.8,42.50%,33.10%,24.40%,16.50%,45.00%,38.50%,34.60%,12.40%,,9.90%,35.70%,5.30%,1.60%,,0.00%,15.40%,18.60%,0.00%,84.9,,79,93.3,88.8,85,,80.1,92.7,84.1,38.2,-2,,2,-1.7,0.5,-5.4,,10.2,-3,1.3,-2,2.8,,-6.8,7.7,3.5,1.7,,0.8,3.7,-0.5,-5.2,-15,,19.3,9.4,-3.1,-5.6,,1.6,11.6,-40.1,0.1,-0.5,,0.8,0.11,-0.24,-1.43,,22.63,0.31,-0.89,4.49,25.50%,66.50%,46.00%,55.60%,86.00%,77.50%,50.00%,,13,98,108,95,100,98,98,97,93,101,103,95,103,98,99,99,99,102,89.5,12.9,279,6.70%,114.4,1563,37.40%,4179,15.80%,26.20%,,,,1354,827,286,18
TEX,2273,6204,223,810,765,131,8.60%,25.40%,0.183,0.304,0.248,0.319,0.431,0.317,,88,12,-86.8,-37.5,9.2,27,2273,5540,6204,1374,831,296,24,223,810,765,534,18,1578,67,44,17,98,131,38,0.248,1693,1400,874,129,25074,9162,15912,105,56,20,8.60%,25.40%,0.34,0.319,0.431,0.75,0.183,0.304,1.21,22.00%,42.70%,35.30%,9.20%,15.90%,6.20%,35.70%,0.317,-14.9,766,-98.8,-23.9,195.1,-13.7,94.4,9.2,$73.30,5.2,88,-6.18,-110.58,104.4,-47,-4.43,0.97,1.75,81,-9.25,2.85,51.90%,93,19.10%,84.4,5.80%,87.8,10.70%,79.1,11.20%,84.4,1.30%,85.2,0.00%,64.3,0.30%,,10.4,-8.9,3.3,-3.9,4.3,4.2,-0.3,0.08,-0.19,0.22,-0.14,0.15,1.26,-4.75,31.30%,66.00%,46.00%,60.90%,84.00%,74.90%,42.40%,61.00%,11.50%,12,37.60%,6.60%,5.80%,1.30%,,7.80%,18.30%,9.40%,2.00%,0.00%,11.20%,,0.00%,,93.3,92.6,87.7,85.4,,91.9,84.6,78.3,81.1,64.9,84.3,,64.3,-2.1,-4,0.3,-5.3,,-0.6,1.4,1.1,3.4,6.5,-2,,2.1,9.3,6.5,4.7,2.8,,5.6,1.3,-4.9,-5.3,-8.1,4.4,,6.9,0.8,4.7,-4,4,,-9.1,-2.7,-8.6,4.3,-0.4,1.8,,-0.4,0.01,0.28,-0.28,1.26,,-0.47,-0.06,-0.37,0.84,-11.89,0.07,,-5.35,28.30%,63.60%,46.00%,56.00%,83.20%,74.90%,50.20%,,-37.5,6.6,2.2,21 - 36,-86.8,23.6,3.2,41.10%,33.30%,25.60%,15.30%,43.50%,41.20%,37.60%,10.80%,0.10%,10.60%,38.00%,5.80%,1.60%,0.00%,,13.30%,18.80%,,84.4,68.8,78.8,93.3,87.9,84.9,64.2,,92.4,84.4,,-1.7,6.6,1.7,-1.7,0.6,-5.4,3.1,,-2.6,1.7,,3,-9.4,-6.9,8.2,3.7,1.5,4.9,,4.7,-0.2,,3,-0.8,-2.7,6.9,0.6,2,-0.4,,-8.1,-12.4,,0.11,-5.42,-0.1,0.07,0.04,0.51,-5.35,,-0.24,-0.26,,28.30%,63.50%,46.00%,56.00%,83.20%,74.90%,50.30%,,-10.8,98,101,111,99,98,98,102,104,101,97,104,99,98,103,92,96,109,89.4,12.5,283,7.00%,115.4,1557,38.70%,4025,17.20%,28.70%,,,,1374,831,296,24
LAA,2425,6251,220,769,734,65,9.40%,20.40%,0.175,0.281,0.247,0.324,0.422,0.316,,96,-6.1,-41.1,4.6,17.9,28,2425,5542,6251,1368,859,268,21,220,769,734,586,29,1276,67,42,4,143,65,20,0.247,1842,1526,927,169,24919,9329,15590,104,17,6,9.40%,20.40%,0.46,0.324,0.422,0.746,0.175,0.281,1.21,21.60%,42.90%,35.50%,11.10%,14.40%,5.60%,35.30%,0.316,-17.2,770,-35,19.8,196.6,-15.2,183.9,17.9,$142.90,4,96,-4.1,-107.28,103.18,-14.91,-1.25,0.95,1.54,97,-2.98,-1.32,52.10%,93.1,17.80%,84.7,6.50%,88,10.60%,78.9,11.60%,84.1,1.40%,85.9,,,0.40%,,39.9,-38.7,-13.9,11.1,-12.4,-9.9,,0.31,-0.87,-0.86,0.42,-0.43,-2.85,,28.00%,63.00%,43.20%,66.00%,86.20%,78.80%,43.40%,58.60%,9.20%,-6.1,35.40%,8.70%,6.80%,1.30%,0.10%,8.00%,17.60%,8.90%,1.60%,0.00%,11.70%,,,,93.4,92.7,88.3,85.7,80.6,91.7,84.6,78.1,81.1,63.1,84.1,,,-2.3,-4.2,0.5,-6,-4.7,-2.7,1.3,2.3,2.4,6.5,-2.4,,,9.5,6,5,3,-1.1,4.8,1.3,-5.4,-6,-0.9,4.7,,,29.3,0.6,-15.3,-7.8,0.2,-4.2,-45.9,14.2,-2.1,0,-16.4,,,0.34,0.03,-0.91,-2.46,1.61,-0.21,-1.06,0.65,-0.53,2.38,-0.57,,,25.20%,60.50%,43.20%,60.60%,86.00%,78.80%,51.10%,,4.6,1.1,-2,21 - 39,-41.1,23.8,-5.2,43.90%,33.20%,22.90%,16.50%,45.10%,38.40%,33.30%,11.00%,,9.90%,36.00%,6.80%,2.00%,,,15.20%,17.60%,0.00%,84.3,,78.8,93.4,88.1,84.9,,,92.4,84.5,22.2,-2,,2.5,-2,0.6,-4.9,,,-3.6,1.6,1.2,3.3,,-7.3,8.3,3.9,1.3,,,4,-0.2,-0.2,-15.6,,15.1,27.5,-19.8,-9.8,,,-2,-46.6,-0.1,-0.57,,0.61,0.3,-1.17,-2,,,-0.05,-1.06,-3.17,25.10%,60.50%,43.20%,60.50%,86.00%,78.80%,51.20%,,-5,97,110,89,100,96,94,94,101,102,97,94,106,98,93,99,99,101,88,12.9,275,6.40%,116.6,1465,33.90%,4322,19.20%,28.40%,,,,1368,859,268,21
PHI,2431,6261,215,774,742,78,9.00%,23.20%,0.181,0.293,0.246,0.319,0.427,0.314,,90,13.8,-65.6,71.3,20.5,28,2431,5571,6261,1369,817,311,26,215,774,742,562,47,1453,57,34,34,97,78,18,0.246,1733,1481,900,188,24905,8983,15922,119,72,15,9.00%,23.20%,0.39,0.319,0.427,0.746,0.181,0.293,1.17,21.90%,42.10%,36.00%,12.70%,14.50%,6.90%,20.80%,0.314,-33.1,755,-79.5,39.1,196.9,32.3,210.9,20.5,$163.90,4.6,90,-0.95,-109.23,108.28,7.57,1.26,0.98,1.12,310,0.29,-1.26,53.20%,93.3,18.80%,84.7,5.80%,88.8,10.20%,78.9,10.90%,84.6,1.10%,85.8,,,0.70%,,19.4,0.9,-19.6,-12,-6.5,-5.1,,0.15,0.02,-1.35,-0.47,-0.24,-1.89,,31.90%,67.90%,46.90%,62.60%,84.50%,75.80%,41.60%,60.30%,11.30%,13.8,36.10%,9.70%,6.20%,1.40%,,7.40%,17.70%,9.60%,1.50%,0.00%,10.40%,,,,93.5,92.7,88.7,84.7,,92.8,84.8,78.7,80.4,64.9,84.6,,,-2.5,-4.1,0.7,-6.2,,-2.4,1.2,1.9,2.9,-8.8,-2.6,,,9,5.8,4.9,3,,5.2,1.3,-4.9,-6.2,-8.1,4.3,,,15.9,-8.3,-25.1,-4.3,,1.4,-3.1,-10.2,-3.6,-0.2,-10.4,,,0.18,-0.35,-1.63,-1.25,,0.08,-0.07,-0.43,-0.97,-15.17,-0.4,,,29.50%,64.70%,46.90%,57.80%,84.10%,75.80%,49.60%,,71.3,4.7,4.9,22 - 38,-65.6,8.3,4.2,40.90%,33.90%,25.20%,17.80%,43.20%,39.00%,35.60%,10.50%,0.00%,10.20%,36.20%,5.70%,1.30%,,,16.60%,18.80%,0.00%,84.7,69.6,78.8,93.6,88.9,84.1,,,92.8,84.8,0,-2.5,0.6,2.3,-2.2,0.9,-5.5,,,-3.3,1.7,0,2.9,-9.3,-7,7.9,3.8,1.3,,,4.3,-0.1,0,-8.1,-0.2,-7.7,13,-14,-8.6,,,-7.8,-15.7,0,-0.31,-9.86,-0.3,0.14,-0.99,-2.6,,,-0.19,-0.33,2.98,29.40%,64.70%,46.90%,57.50%,84.20%,75.80%,49.60%,,8,95,101,106,97,96,97,98,101,98,102,94,101,98,101,106,98,100,88.8,13.5,271,6.50%,116.4,1521,36.30%,4189,16.70%,28.10%,,,,1369,817,311,26
STL,2413,6167,210,764,714,116,9.10%,23.00%,0.17,0.292,0.245,0.322,0.415,0.314,,95,14.4,-23.8,61.4,23.3,27,2413,5449,6167,1336,856,246,24,210,764,714,561,15,1420,76,39,40,110,116,29,0.245,1660,1467,894,132,24719,8996,15723,134,87,20,9.10%,23.00%,0.4,0.322,0.415,0.737,0.17,0.292,1.13,22.20%,41.30%,36.50%,9.00%,14.30%,8.10%,23.00%,0.314,-35.4,741,-38.1,23.9,194,37.5,239.7,23.3,$186.30,5,95,2.16,-106.4,108.56,34.3,3.84,0.97,1.13,266,1.52,0.71,51.90%,93.1,19.20%,84.8,5.90%,88.4,10.50%,79,11.20%,84.5,1.30%,86.4,,,0.20%,,50.6,-33.4,-9.8,-2,-21.7,-8.8,,0.39,-0.7,-0.67,-0.08,-0.79,-2.78,,31.00%,67.40%,46.30%,64.00%,84.80%,76.70%,42.00%,61.90%,10.80%,14.4,35.00%,9.40%,6.70%,1.30%,0.00%,7.30%,18.10%,8.80%,2.30%,0.00%,11.00%,,,,93.4,92.7,88.1,85.9,80.9,91.8,84.7,78.4,80.8,64.6,84.5,,,-2.8,-5.3,0.7,-6.4,-5.4,-3.8,2.2,2.6,3.1,7.3,-3,,,8.9,6,4.3,3.7,0.6,4.7,1.4,-4.9,-5.7,-4.6,4.3,,,40.1,2,-13.2,-9.2,1.4,-2,-39.5,-1.5,-2.1,-0.2,-23.4,,,0.47,0.09,-0.81,-2.86,22.84,-0.11,-0.9,-0.07,-0.37,-20,-0.88,,,28.40%,64.70%,46.30%,58.80%,84.70%,76.60%,49.10%,,61.4,7.4,5.8,22 - 37,-23.8,8.1,1.2,41.00%,35.20%,23.80%,16.60%,43.20%,40.20%,35.50%,10.90%,0.00%,10.40%,35.70%,5.30%,1.50%,,,15.30%,19.30%,0.00%,84.7,73.4,79,93.6,88.7,85.3,,,92.2,84.9,92.2,-2.9,7.7,3.3,-2.5,0.7,-5.1,,,-4.5,2.6,-1.8,2.9,-10.7,-6.9,7.9,3.8,1.7,,,4,0,6.6,-23.8,-0.1,-3,40.4,-3.2,-9,,,-5.4,-44.4,0.1,-0.88,-2.04,-0.12,0.46,-0.24,-2.47,,,-0.14,-0.93,6.2,28.40%,64.80%,46.30%,58.70%,84.70%,76.60%,49.10%,,-10.9,95,103,105,97,93,91,97,102,96,103,92,101,102,95,98,98,103,87.9,13.7,268,6.50%,115.3,1386,33.70%,4110,17.00%,27.70%,,,,1336,856,246,24
SEA,2347,6199,239,758,730,115,9.50%,25.50%,0.187,0.287,0.237,0.316,0.424,0.314,,99,13.4,4.2,-50.1,16.8,28,2347,5500,6199,1305,784,254,28,239,758,730,588,7,1581,58,37,14,83,115,47,0.237,1592,1522,819,148,25523,9597,15926,109,37,5,9.50%,25.50%,0.37,0.316,0.424,0.74,0.187,0.287,1.05,20.80%,40.50%,38.70%,9.70%,15.70%,6.80%,13.50%,0.314,-31.5,749,-9.3,-34.8,195,-15.3,172.7,16.8,$134.20,4.7,99,-2.54,-108.87,106.33,-11.84,-1.12,0.96,1.89,81,-0.51,-2.13,52.30%,93.1,17.60%,84.2,6.20%,88.4,11.30%,79,11.10%,84.4,1.60%,85.7,,,0.10%,,24.2,-25.4,0.1,-2.5,-16.7,4.8,,0.18,-0.57,0,-0.09,-0.59,1.2,,28.10%,66.70%,44.90%,61.20%,82.90%,75.30%,43.70%,60.60%,11.10%,13.4,37.30%,7.20%,6.50%,1.20%,,7.70%,16.80%,10.00%,2.20%,0.00%,11.10%,,,,93.3,92.5,88.4,85.2,,92.1,84.2,78.3,80.4,63.6,84.6,,,-2.4,-5.2,0.4,-5.8,,-2.1,1.3,2,3.3,7.1,-2.8,,,9.4,6.4,4.9,2.6,,5.5,1,-4.9,-6.7,-6.1,4.6,,,4.7,-0.7,1.3,0.2,,11.9,-29.7,-9.1,2.2,-0.2,-15.6,,,0.05,-0.04,0.08,0.07,,0.62,-0.71,-0.36,0.4,-20.37,-0.56,,,25.60%,63.80%,44.90%,55.90%,83.00%,75.40%,50.70%,,-50.1,-0.6,6.8,23 - 45,4.2,23.6,7.2,39.50%,33.80%,26.70%,19.60%,47.80%,32.60%,38.80%,10.50%,,10.70%,38.50%,6.20%,1.80%,,,12.60%,17.30%,0.00%,84.5,,78.8,93.4,88.4,84.9,,,92.3,84.2,0,-2.4,,2.8,-2.2,0.7,-4.9,,,-3.6,1.5,0,3.2,,-7.5,8.2,3.7,1.3,,,4.5,-0.5,0,-15.2,,1.5,0.5,5.3,0.4,,,9.2,-38.7,0.2,-0.56,,0.05,0.01,0.33,0.09,,,0.29,-0.87,10.82,25.40%,63.80%,44.90%,55.90%,82.90%,75.40%,50.90%,,-6.3,94,112,112,98,96,100,96,98,96,106,103,95,100,108,117,105,86,87.4,14.3,269,6.80%,113.1,1279,32.20%,3972,17.20%,28.30%,,,,1305,784,254,28
PIT,2441,6228,163,758,722,64,6.80%,19.50%,0.156,0.309,0.265,0.321,0.42,0.313,,92,-4.6,-72.8,-22.1,10.6,27,2441,5657,6228,1497,981,315,38,163,758,722,425,41,1213,63,34,47,119,64,29,0.265,2071,1405,967,118,23525,8368,15157,128,82,16,6.80%,19.50%,0.35,0.321,0.42,0.741,0.156,0.309,1.47,21.80%,46.60%,31.60%,8.40%,11.60%,6.20%,19.50%,0.313,-39.6,744,-68.1,-59.1,195.9,37,109.3,10.6,$84.90,4.5,92,0.63,-110.06,110.69,4.91,0.36,1.01,1.35,282,-3.04,3.66,53.00%,93,16.70%,84.8,5.70%,88.5,11.30%,78.2,11.90%,84,1.50%,86.2,,,0.60%,,1.7,-13.2,-11.4,6.2,-13.2,2.7,,0.01,-0.34,-0.85,0.23,-0.47,0.76,,33.60%,72.30%,49.50%,65.90%,86.90%,78.50%,41.10%,61.70%,10.60%,-4.6,34.60%,10.30%,6.20%,1.60%,,7.70%,16.20%,10.00%,1.90%,0.00%,11.40%,,,,93.3,92.9,88.4,85.6,,92.1,84.9,77.8,80.4,64.1,84.2,,,-2.6,-5.4,0.3,-5.9,,-3.2,1.5,2,2.2,4.1,-3.2,,,8.9,6.2,5.1,2.9,,5.1,1.3,-4.7,-5,-6.6,4.3,,,1.1,-12.1,-8.1,6.1,,-5.9,-9,-1.8,0.8,-0.5,-20.2,,,0.01,-0.51,-0.57,1.68,,-0.33,-0.24,-0.08,0.17,-8.6,-0.76,,,30.40%,69.90%,49.50%,60.80%,86.50%,78.40%,48.50%,,-22.1,-2.9,-1.1,22 - 35,-72.8,8.2,-0.6,39.30%,33.80%,26.90%,19.30%,46.80%,33.90%,28.90%,11.40%,0.00%,10.90%,35.50%,6.10%,1.60%,,,16.50%,16.10%,0.00%,84.1,65.4,78.1,93.3,88.5,85.2,,,92.5,84.8,0,-3,7.3,2.5,-2.3,0.6,-4.8,,,-4.5,1.9,0,2.9,-8.9,-6.8,7.9,3.9,1.2,,,4.4,-0.1,0,-15.1,-0.6,-3.8,14.3,-2.2,3.8,,,-28,-18.2,-0.1,-0.56,-8.01,-0.15,0.17,-0.15,0.97,,,-0.72,-0.48,-1.28,30.40%,69.80%,49.50%,61.00%,86.50%,78.40%,48.60%,,-7.1,103,77,89,97,94,83,103,100,109,89,75,97,98,108,114,106,87,88.4,10.2,231,5.10%,116.2,1534,33.90%,4527,14.60%,25.20%,,,,1497,981,315,38
CIN,2462,6100,227,701,679,80,8.10%,23.50%,0.178,0.288,0.244,0.315,0.422,0.312,,85,-16.7,-138,34.5,9.4,28,2462,5450,6100,1328,839,235,27,227,701,679,492,25,1436,89,33,30,111,80,38,0.244,1677,1460,888,147,23703,8393,15310,95,52,5,8.10%,23.50%,0.34,0.315,0.422,0.736,0.178,0.288,1.15,22.10%,41.70%,36.30%,10.10%,15.50%,5.70%,9.60%,0.312,-46.2,722,-121.3,-1.6,191.9,36.1,96.4,9.4,$74.90,4.2,85,-12.12,-114.15,102.02,-67.51,-6.86,1,1.34,314,-6.04,-6.04,52.90%,93,17.10%,84.7,6.80%,88.3,11.40%,78.6,10.40%,84,1.30%,85.8,,,0.40%,,21.7,-50.3,1.1,-9.6,-0.2,-7.3,,0.17,-1.24,0.07,-0.35,-0.01,-2.31,,31.90%,70.30%,48.10%,63.20%,85.10%,76.70%,42.20%,61.70%,11.20%,-16.7,35.80%,8.90%,7.30%,1.20%,,8.40%,16.20%,9.20%,2.80%,0.00%,10.20%,,,,93.4,92.5,88.2,85.1,,91.6,84.9,78.1,80.2,69.5,84,,,-2.4,-6.2,0.7,-6.1,,-3.8,1.8,1.7,3.3,-10,-2.7,,,8.9,6.1,4,3.3,,5.1,1.4,-4.9,-6.3,-7.8,4.3,,,-13.8,4.4,-0.2,-7.8,,15.4,-43.2,-8.5,-11.5,0,-3,,,-0.17,0.21,-0.01,-2.74,,0.8,-1.16,-0.4,-1.81,2.38,-0.13,,,29.80%,66.60%,48.10%,59.00%,84.60%,76.60%,49.70%,,34.5,-3.6,-10,24 - 36,-138,8.1,-3.1,40.10%,34.00%,25.90%,17.60%,44.70%,37.70%,35.30%,9.90%,,11.30%,34.80%,6.90%,1.40%,,,15.90%,16.20%,0.00%,84.1,,78.5,93.4,88.4,84.8,,,92.1,84.9,0,-2.3,,2.4,-2.1,0.8,-5.8,,,-4.9,2.4,0,2.8,,-6.9,7.9,3.2,1.7,,,4.3,0,0,1.3,,-13.6,-8.6,-3.8,-11.5,,,14.2,-47.2,-0.1,0.05,,-0.51,-0.1,-0.23,-3.53,,,0.37,-1.22,-2.5,29.80%,66.80%,48.10%,59.30%,84.50%,76.60%,49.50%,,2.9,94,91,108,95,95,95,96,102,97,102,100,99,99,104,104,101,97,87.4,13.6,224,5.50%,118.3,1305,32.00%,4083,16.10%,27.30%,,,,1328,839,235,27
TOR,2354,6091,247,726,697,51,8.40%,24.90%,0.192,0.28,0.236,0.305,0.428,0.31,,92,-7,-71.4,-25.7,11.4,27,2354,5493,6091,1299,761,270,21,247,726,697,509,10,1514,45,28,14,107,51,20,0.236,1586,1564,837,175,24052,8727,15325,91,34,8,8.40%,24.90%,0.34,0.305,0.428,0.733,0.192,0.28,1.01,21.00%,39.80%,39.20%,11.20%,15.80%,5.70%,23.50%,0.31,-54.3,712,-64.4,-9.9,191.6,-15.7,117.7,11.4,$91.40,3.8,92,-11.51,-110.45,98.94,-79.96,-7.56,0.95,1.74,79,-9.06,-3,51.90%,93.1,18.90%,83.9,5.90%,88.2,10.40%,79.5,10.80%,84.6,1.90%,85.5,0.10%,74.3,0.10%,,-23.8,-15.7,4.2,-14.9,-20.6,6.8,0.8,-0.19,-0.35,0.29,-0.59,-0.79,1.49,4.02,31.80%,67.90%,46.60%,60.50%,84.50%,74.80%,40.90%,62.10%,11.70%,-7,36.00%,8.60%,5.90%,1.70%,,6.90%,18.80%,8.90%,2.00%,,11.10%,,0.10%,,93.4,92.5,88.5,85.5,,92.4,84,78.8,81,,84.8,,74.7,-1.6,-4.6,0.8,-5.1,,-2.2,1.2,2,1.6,,-1.3,,0,9.2,5.8,4.3,2.3,,4.8,0.8,-5,-7,,4.4,,-0.6,-51.7,13.1,12.5,2.4,,6.3,-35.1,-2.4,-2.5,,-15.1,,0.9,-0.6,0.64,0.89,0.6,,0.38,-0.78,-0.11,-0.54,,-0.57,,5.17,29.40%,64.90%,46.60%,55.40%,84.10%,74.70%,48.40%,,-25.7,-1.3,-5.7,19 - 35,-71.4,23.2,0,44.30%,32.80%,22.90%,17.90%,44.20%,37.80%,37.30%,10.70%,,10.40%,37.20%,5.70%,2.00%,0.10%,,14.50%,19.20%,,84.8,,79.5,93.4,88.4,85.2,75.4,,92.6,84,,-1.2,,2.1,-1.4,0.9,-4.8,0,,-3.5,1.6,,2.9,,-7.3,8.1,3.3,0.8,-1.6,,4,-0.6,,-21.3,,-16.1,-38.4,10.3,5,1.2,,9.2,-23.7,,-0.83,,-0.64,-0.43,0.75,1.05,5.89,,0.26,-0.51,,29.50%,64.80%,46.60%,55.30%,84.20%,74.70%,48.40%,,12,93,98,109,94,97,103,94,99,94,108,103,107,97,93,107,98,100,88.7,14.3,292,7.30%,118.9,1482,36.80%,4023,17.00%,28.70%,,,,1299,761,270,21
CHW,2311,6042,182,708,676,63,6.30%,25.60%,0.153,0.329,0.261,0.314,0.414,0.309,,92,5.3,-59.6,-52.2,9.8,28,2311,5529,6042,1443,981,260,20,182,708,676,378,13,1549,66,32,36,114,63,28,0.261,1859,1283,843,122,23538,8086,15452,145,62,16,6.30%,25.60%,0.24,0.314,0.414,0.728,0.153,0.329,1.45,21.20%,46.60%,32.20%,9.50%,14.20%,7.80%,25.80%,0.309,-57.4,703,-65,-36.6,190,-15.7,101.2,9.8,$78.60,3.9,92,-4.23,-104.01,99.78,-66.49,-6.37,0.94,1.61,87,-6.67,2.17,52.90%,92.9,18.30%,84.1,5.60%,87.8,10.40%,79.4,11.60%,84.4,1.00%,84.5,0.30%,74.5,0.20%,,-29.2,-11.7,-4.3,0.4,-2.2,-1.4,0.8,-0.23,-0.27,-0.33,0.02,-0.08,-0.61,1.31,34.80%,68.70%,49.10%,59.70%,84.40%,74.30%,42.20%,61.80%,12.60%,5.3,38.40%,8.10%,5.70%,1.10%,,6.00%,17.80%,8.50%,2.60%,,11.40%,,0.30%,,93.2,92.3,88.1,84.1,,92.1,84.3,78.5,80.6,,84.4,,74.5,-1.9,-3.8,0.8,-5.2,,-3.8,1.2,2.3,3.2,,-1.6,,-1.4,9,5.7,4.5,2.6,,4.7,0.8,-4.6,-6.6,,4.2,,2,-26.2,-7.3,-3.7,1.2,,-6.2,-24.8,3.9,-8.3,,-4.3,,1.2,-0.29,-0.38,-0.28,0.45,,-0.44,-0.59,0.2,-1.37,,-0.16,,2.02,32.10%,66.20%,49.10%,54.10%,84.10%,74.30%,50.00%,,-52.2,-2.7,6,22 - 36,-59.6,23,2,38.00%,33.30%,28.70%,17.60%,49.60%,32.80%,34.90%,11.20%,,10.20%,38.40%,5.50%,1.40%,0.30%,,14.20%,18.60%,0.10%,84.5,,79.2,93.2,88.1,83.7,74.6,,92.4,84.1,0,-1.5,,2.7,-1.7,0.7,-4.4,-2,,-3.7,1.7,0,2.9,,-6.9,7.9,3.5,0.8,0.6,,4.1,-0.7,0,2.9,,1.2,-35,-4.1,-5.1,0.5,,-11.6,-25,0,0.11,,0.05,-0.39,-0.31,-1.56,0.79,,-0.35,-0.57,0.38,32.00%,66.20%,49.10%,54.10%,84.10%,74.30%,50.10%,,-18.4,103,74,112,97,94,82,110,99,110,88,93,92,98,116,105,109,87,89.1,10.9,267,6.60%,117.9,1511,37.30%,4049,16.20%,28.80%,,,,1443,981,260,20
BAL,2386,6189,213,729,698,84,7.50%,23.20%,0.168,0.293,0.246,0.31,0.415,0.308,,88,2,-91.4,-63.8,6.1,27,2386,5596,6189,1379,889,252,25,213,729,698,462,8,1435,71,37,22,111,84,30,0.246,1822,1482,843,159,24561,8725,15836,137,72,26,7.50%,23.20%,0.32,0.31,0.415,0.725,0.168,0.293,1.23,20.30%,43.90%,35.70%,10.70%,14.40%,7.50%,36.10%,0.308,-65.4,714,-93.3,-48.8,194.7,-14.9,63.1,6.1,$49.00,4.5,88,-12.96,-111.08,98.12,-99.61,-9.4,0.95,1.63,126,-9.11,-4.52,50.20%,93,16.70%,84.3,7.30%,88.2,11.90%,79.5,11.80%,84.4,2.10%,85.2,,,0.10%,,22.7,-32.7,-20.6,-2.6,-18.3,-0.9,,0.18,-0.8,-1.14,-0.09,-0.64,-0.18,,33.10%,69.30%,48.00%,63.50%,84.30%,75.90%,41.20%,61.90%,11.60%,2,35.50%,7.80%,7.50%,1.60%,0.00%,7.00%,16.50%,9.80%,2.30%,0.00%,12.00%,,,,93.2,92.4,88.2,85,82.3,92.4,84.4,78.9,81,68,84.5,,,-1.3,-3.5,0.5,-5.3,-5.5,-1.3,1.1,1.9,2.3,-8.8,-0.9,,,9.2,5.8,4.3,3.1,-1.6,5,1.1,-4.8,-5.8,-8.1,4.4,,,1.7,14.5,-25.9,-4.3,-0.4,-6.8,-29.3,-4.4,-4.4,-0.1,-19.3,,,0.02,0.76,-1.4,-1.08,-9.59,-0.39,-0.73,-0.18,-0.79,-5.93,-0.66,,,30.60%,66.20%,48.00%,58.70%,84.10%,75.80%,49.00%,,-63.8,0.7,1.8,23 - 33,-91.4,23.6,-0.5,41.50%,34.10%,24.40%,18.90%,48.70%,32.40%,34.10%,11.50%,,11.30%,36.40%,7.10%,2.30%,,,13.70%,17.50%,0.00%,84.6,,79.4,93.3,88.4,84.9,,,92.6,84.3,21.8,-0.6,,2.4,-1.1,0.6,-4.6,,,-2.5,1.3,0.7,3,,-6.8,8.1,3.2,1.5,,,4.1,-0.4,0.3,-22.6,,-3.1,3.3,-20.5,-5.3,,,9.3,-43.7,0,-0.8,,-0.11,0.04,-1.18,-0.96,,,0.28,-1.01,0.58,30.50%,66.20%,48.00%,58.30%,84.20%,75.80%,49.10%,,-19.4,97,88,101,96,94,90,98,96,104,98,94,100,101,98,113,107,85,88,11.7,247,5.90%,114.8,1413,33.50%,4221,16.10%,27.70%,,,,1379,889,252,25
SDP,2413,6019,219,682,652,70,8.40%,26.30%,0.172,0.293,0.238,0.308,0.41,0.305,,89,-11.1,-101.1,52.5,14.4,26,2413,5391,6019,1281,814,224,24,219,682,652,504,19,1581,55,31,37,120,70,37,0.238,1742,1322,737,159,23576,8498,15078,123,77,25,8.40%,26.30%,0.32,0.308,0.41,0.718,0.172,0.293,1.32,19.40%,45.80%,34.80%,12.00%,16.60%,7.10%,32.50%,0.305,-84.6,673,-90,18.8,189.3,33.7,148.7,14.4,$115.50,4.1,89,-9.98,-111.15,101.17,-60.89,-6.57,1,1.28,287,-5,-4.93,53.40%,93.1,19.50%,84.8,5.50%,89.1,11.00%,79,9.60%,84.6,1.00%,84.9,0.00%,61.5,0.30%,,-20.9,-40.7,3.1,-25.3,-6.4,-1.6,0.3,-0.17,-0.89,0.24,-0.98,-0.28,-0.68,4.94,31.30%,67.00%,46.10%,59.60%,83.80%,74.20%,41.40%,61.70%,11.90%,-11.1,37.70%,7.90%,6.60%,1.00%,,7.40%,18.20%,8.60%,3.00%,0.00%,9.50%,,0.00%,,93.2,92.6,88.8,84.4,,92.6,84.9,78.4,80.8,65.7,84.7,,61.4,-2.6,-5.6,0.7,-4.8,,-4.1,1.4,2.1,2.2,-1.1,-3.5,,-0.2,9,5.9,4.7,2.5,,4.8,1.5,-5.6,-5.3,-6.6,4,,1.7,-19.7,-5.9,10.1,-1.2,,1.7,-52.6,-8.1,-15.5,-0.4,-8.5,,0.3,-0.22,-0.32,0.66,-0.52,,0.1,-1.24,-0.41,-2.21,-5.96,-0.38,,4.94,28.40%,64.50%,46.20%,54.10%,83.30%,74.20%,49.20%,,52.5,-5.1,-1.7,20 - 37,-101.1,7.9,-4.3,40.80%,35.30%,23.90%,19.40%,41.60%,39.00%,38.30%,9.10%,0.10%,11.20%,38.80%,5.90%,1.40%,0.00%,,13.80%,19.10%,0.00%,84.7,68.7,79.1,93.4,89.3,84.5,64.7,,92.5,85,0,-3.2,6.5,2.6,-2.3,0.9,-5.4,0.6,,-5,1.8,0,2.6,-9.6,-7.2,7.9,3.8,1.2,-0.8,,3.8,0.1,0,-8.7,-2.2,-19.3,-22.4,11.8,-0.7,0.2,,-13.8,-56.9,0.1,-0.4,-9.36,-0.73,-0.24,0.85,-0.2,3.3,,-0.42,-1.26,2.15,28.40%,64.30%,46.10%,54.00%,83.20%,74.10%,49.40%,,15.7,92,95,120,93,92,92,98,89,107,98,107,101,102,96,115,94,100,88.9,10.7,260,6.70%,115.9,1426,36.80%,3879,17.40%,29.30%,,,,1281,814,224,24
KCR,2269,6080,162,691,655,117,7.50%,23.10%,0.154,0.301,0.247,0.309,0.401,0.302,,84,-1.7,-126.2,5.4,9.1,27,2269,5496,6080,1356,873,281,40,162,691,655,456,17,1405,59,42,24,113,117,39,0.247,1813,1408,861,137,23471,8389,15082,125,70,26,7.50%,23.10%,0.32,0.309,0.401,0.71,0.154,0.301,1.29,21.10%,44.40%,34.50%,9.70%,11.50%,6.90%,37.10%,0.302,-95.7,670,-124.5,19.7,191.2,-14.3,93.6,9.1,$72.70,5.1,84,-13.54,-113.4,99.86,-124.67,-11.54,0.99,1.39,58,-13.23,-0.47,51.30%,93.1,20.40%,84.1,5.40%,88.3,10.30%,79,11.60%,84.5,1.00%,84.9,,,0.40%,,-11.2,-47,4.8,-11.2,-19.7,-2.6,,-0.09,-0.98,0.38,-0.46,-0.72,-1.16,,31.50%,69.20%,47.50%,59.60%,86.20%,76.00%,42.30%,62.10%,11.40%,-1.7,36.50%,8.40%,6.20%,0.80%,,6.10%,19.70%,9.10%,1.60%,0.00%,11.60%,,,,93.2,92.7,88,84.8,,92.2,84.1,78.4,80.8,57.9,84.4,,,-2.2,-4,0.5,-5,,-2.9,1.3,1.9,2.6,7.1,-2.1,,,8.9,5.6,3.9,2.8,,4.3,1,-5,-7,-6.5,4.5,,,-25.3,-1.2,-1,-3.3,,2.9,-42.3,-12.6,0.2,0,-22.2,,,-0.3,-0.06,-0.07,-1.71,,0.2,-0.93,-0.6,0.06,4.19,-0.84,,,28.00%,66.40%,47.50%,53.20%,85.40%,76.00%,50.80%,,5.4,3.4,-4.6,22 - 35,-126.2,23.1,-0.5,40.10%,34.00%,25.80%,16.90%,46.20%,36.90%,33.30%,11.40%,0.00%,10.30%,36.50%,5.90%,1.00%,,,13.90%,19.80%,0.00%,84.6,57.8,78.9,93.3,88.4,84.7,,,92.6,84.2,0,-1.8,7.2,2.2,-1.9,0.6,-4.1,,,-3.5,1.7,0,3.2,-9.4,-6.9,7.8,3,0.8,,,3.8,-0.2,0,-20.9,0,-16.1,-30.7,-1.6,-4,,,3.4,-39.8,0,-0.78,4.19,-0.66,-0.36,-0.11,-1.69,,,0.1,-0.85,3.89,28.10%,66.30%,47.50%,53.40%,85.30%,76.10%,50.90%,,-3.7,97,88,101,96,91,83,101,99,105,95,75,97,100,104,101,102,97,88,12.3,238,5.70%,115.7,1350,32.50%,4160,16.50%,27.90%,,,,1356,873,281,40
SFG,2493,6170,167,678,655,47,7.70%,23.30%,0.153,0.29,0.239,0.302,0.392,0.295,,82,-3.4,-149.1,46.1,9.6,29,2493,5579,6170,1332,839,300,26,167,678,655,475,26,1435,50,42,24,111,47,28,0.239,1769,1436,943,121,23979,8408,15571,96,61,20,7.70%,23.30%,0.33,0.302,0.392,0.694,0.153,0.29,1.23,22.70%,42.60%,34.60%,8.40%,11.60%,5.40%,32.80%,0.295,-135.8,641,-145.7,11.5,194.1,34.6,99.3,9.6,$77.10,3.8,82,-9.42,-114.02,104.6,-69.78,-8,1.02,1.24,357,-9.88,0.61,53.80%,93.1,16.60%,84.8,6.30%,88.5,10.60%,79.1,11.00%,84.1,1.70%,85.6,0.00%,67,0.40%,,-57.3,-34.8,-11.6,-2.9,-8,-7.8,0.3,-0.44,-0.87,-0.77,-0.11,-0.3,-1.95,34.42,33.70%,70.70%,48.90%,65.10%,84.40%,76.60%,41.20%,61.60%,11.50%,-3.4,37.40%,6.70%,6.40%,1.70%,,9.30%,16.20%,9.20%,2.80%,0.00%,10.40%,,,,93.5,92.7,88.6,85.3,,91.8,84.9,78.4,81.3,67.3,84.6,,,-2.2,-3.5,0.9,-6.5,,-2.1,1,1.4,2.9,-1.5,-3,,,9,6.2,4.7,3.1,,4.7,1.5,-4.7,-5.7,-9.2,4.2,,,-53.5,5,-10.1,-7.5,,-16.3,-31.7,-8.2,-3.1,-0.1,-15.7,,,-0.61,0.32,-0.68,-1.91,,-0.74,-0.83,-0.37,-0.47,-2.52,-0.64,,,30.90%,67.70%,48.90%,60.20%,84.20%,76.50%,49.10%,,46.1,-5.7,-0.9,22 - 39,-149.1,8.1,3.2,39.20%,35.10%,25.60%,16.20%,45.40%,38.40%,33.70%,10.60%,0.00%,10.80%,37.60%,6.30%,2.00%,0.00%,,15.80%,16.30%,,84.3,64.5,79.1,93.6,88.8,85,93.4,,92.1,84.9,,-2.9,0.8,2.2,-2,0.6,-5.9,-3.5,,-2.7,1.4,,2.5,-9.7,-7,7.9,3.7,1.6,8.9,,4,0.1,,-10.3,0.1,-3.6,-42.8,-17.8,-12.6,-0.1,,-17.6,-35.5,,-0.4,3.14,-0.14,-0.47,-1.17,-2.6,-12.78,,-0.46,-0.91,,30.90%,67.70%,48.90%,60.50%,84.20%,76.60%,49.00%,,6.9,93,87,106,91,88,82,97,105,100,98,75,97,102,103,96,103,99,87.8,13.2,237,5.60%,114.7,1481,35.20%,4210,15.70%,27.10%,,,,1332,839,300,26
DET,2316,6039,149,582,556,57,6.50%,26.40%,0.148,0.308,0.24,0.294,0.388,0.29,,77,-6.8,-181,-53.8,-2.1,28,2316,5549,6039,1333,851,292,41,149,582,556,391,14,1595,48,42,9,108,57,20,0.24,1642,1411,913,141,23506,7884,15622,104,36,8,6.50%,26.40%,0.25,0.294,0.388,0.682,0.148,0.308,1.16,23.00%,41.40%,35.60%,10.00%,10.60%,6.30%,22.20%,0.29,-158.9,601,-174.2,-36.9,189.9,-16.8,-21.8,-2.1,-$17.00,4.4,77,-22.14,-120.33,98.19,-237.3,-22.3,1.04,1.71,68,-18.23,-3.12,52.00%,93.2,19.50%,84,5.80%,88.1,10.50%,79.5,10.60%,84.1,1.50%,85.2,0.10%,75.1,0.30%,,-67.6,-43.2,-11.6,-4.3,-31.3,0,0.2,-0.55,-0.95,-0.84,-0.17,-1.26,0.01,0.92,37.20%,68.80%,50.30%,61.40%,83.20%,73.80%,41.50%,63.60%,13.20%,-6.8,37.10%,8.30%,7.00%,1.30%,0.00%,6.50%,18.60%,8.10%,2.30%,,10.70%,,0.10%,,93.4,93,87.9,84.8,83.3,92.1,83.9,78.7,80.6,,84.2,,74.9,-2.6,-5.9,0.7,-5.2,-6.4,-4,1.8,2.7,3.7,,-1.8,,-0.3,9.3,6.1,4.1,3.2,-0.6,4.5,1.1,-4.5,-6.7,,5.1,,-1.9,-27.9,-28.3,-17.6,-8,-0.2,-23.8,-39.3,9.8,-9.6,,-25.3,,0.1,-0.32,-1.48,-1.09,-2.55,-8.09,-1.58,-0.91,0.52,-1.77,,-1.02,,0.74,34.30%,66.50%,50.30%,55.90%,82.90%,73.60%,49.60%,,-53.8,-0.1,-7.4,22 - 36,-181,23,0.7,39.90%,35.00%,25.20%,15.80%,45.60%,38.60%,35.40%,10.40%,,9.80%,37.40%,5.80%,1.50%,0.10%,,13.90%,20.00%,0.00%,84.3,,79.3,93.5,88.2,84.6,75,,92.7,83.9,0,-1.7,,3.2,-2.2,0.8,-4.2,0,,-5.2,2.3,0,3.6,,-6.9,8.1,3,1.2,-3.5,,4.2,-0.2,0,-27.5,,1.7,-32.1,-6.4,-5.4,0.1,,-50.2,-52.5,0.1,-1.12,,0.07,-0.36,-0.47,-1.55,0.74,,-1.53,-1.11,3.14,34.30%,66.50%,50.30%,56.10%,82.90%,73.70%,49.60%,,-7.8,95,76,116,91,88,79,103,108,98,98,69,96,103,102,95,100,102,88.1,14.1,235,5.90%,114.2,1441,36.00%,4005,16.00%,29.20%,,,,1333,851,292,41
MIA,2402,6045,146,615,593,55,6.50%,24.30%,0.134,0.3,0.241,0.298,0.375,0.288,,79,-23.9,-195.6,26.4,2.8,28,2402,5512,6045,1326,897,265,18,146,615,593,395,16,1469,73,33,31,139,55,30,0.241,1962,1225,857,105,23101,7925,15176,138,62,9,6.50%,24.30%,0.27,0.298,0.375,0.673,0.134,0.3,1.6,21.20%,48.50%,30.30%,8.60%,11.90%,7.00%,14.50%,0.288,-170.1,591,-171.7,-8.3,190.1,34.7,28.9,2.8,$22.40,3.6,79,-15.08,-113,97.92,-121.39,-11.99,1.01,1.21,290,-13.53,-1.34,54.00%,93.2,18.90%,85.4,5.40%,88.8,10.50%,79.1,10.00%,84.5,1.20%,85.8,,,0.30%,,-87.1,-38.6,-9.4,-5.4,-23.7,-7.1,,-0.7,-0.88,-0.75,-0.22,-1.02,-2.63,,34.90%,67.00%,48.00%,61.60%,85.60%,75.30%,40.70%,62.50%,11.90%,-23.9,33.90%,11.40%,5.80%,1.40%,,8.70%,18.20%,8.70%,2.30%,,9.60%,,,,93.5,92.5,88.5,85.1,,92.6,85.5,78.6,80.9,,84.6,,,-2.6,-4.3,0.6,-6.3,,-4.6,1.4,2.6,3.5,,-1.6,,,9.2,6,5.2,2.9,,5,1.7,-4.8,-5.5,,4.1,,,-41.8,-43.4,-14.5,1.2,,-15.6,-40.1,-2,-4.4,,-34.9,,,-0.53,-1.65,-1.09,0.35,,-0.77,-0.96,-0.1,-0.84,,-1.57,,,32.20%,64.20%,48.00%,55.50%,85.40%,75.30%,49.30%,,26.4,-5,-9.8,23 - 38,-195.6,8,-9.1,38.40%,34.70%,26.90%,17.20%,44.10%,38.70%,33.30%,10.00%,,10.60%,33.60%,5.50%,1.20%,,,20.00%,18.70%,0.00%,84.7,,79.2,93.7,88.6,84.7,,,92.5,85.5,0,-1.7,,3.1,-2.3,0.7,-6,,,-4.3,1.9,0,2.5,,-6.9,8.1,4.2,0.6,,,4.1,0.2,0,-30.1,,-5.4,-40.1,-14.9,-3.2,,,-61.4,-40.4,0.2,-1.3,,-0.22,-0.52,-1.16,-1.19,,,-1.33,-0.93,1.8,32.20%,64.20%,48.00%,55.60%,85.30%,75.30%,49.50%,,-7.4,93,74,111,90,84,72,100,98,113,85,77,95,101,108,102,100,99,88.3,9.1,218,5.30%,114.7,1447,35.20%,4108,17.30%,29.20%,,,,1326,897,265,18
